methode,sigma_P_W,n,err_CP_med,err_CP_IQR,err_Wp_med,err_Wp_IQR,err_M_O_med,err_A_Omax_med,err_A_Pmax_med,err_M_R_med,err_eta_med
pop,2.0,50,7.95,13.57,17.15,17.33,9.16,11.3,15.97,37.41,5.86
pop,5.0,50,7.95,13.57,17.15,17.33,9.16,11.3,15.97,37.41,5.86
pop,10.0,50,7.95,13.57,17.15,17.33,9.16,11.3,15.97,37.41,5.86
pop+APmax,2.0,50,7.95,13.57,2.24,3.37,9.16,11.3,4.36,37.41,5.86
pop+APmax,5.0,50,7.95,13.57,2.25,3.32,9.16,11.3,4.44,37.41,5.86
pop+APmax,10.0,50,7.95,13.57,2.33,3.16,9.16,11.3,4.51,37.41,5.86
LM,2.0,50,0.58,0.69,0.16,0.16,0.77,3.34,0.02,3.77,0.19
LM,5.0,50,0.89,0.86,0.24,0.25,1.19,4.83,0.04,6.92,0.27
LM,10.0,50,1.41,1.43,0.43,0.42,1.68,8.36,0.05,9.31,0.44
DE,2.0,50,5.31,6.46,1.46,2.16,6.99,20.38,0.25,27.24,1.67
DE,5.0,50,3.84,9.22,1.51,1.94,5.24,22.52,0.28,34.59,1.72
DE,10.0,50,4.3,6.64,1.33,2.14,4.61,25.23,0.3,33.22,1.45
PINN,2.0,50,26.44,9.38,17.84,6.58,37.29,53.22,1.53,89.77,16.15
PINN,5.0,50,27.02,8.66,17.04,4.21,37.55,47.93,1.44,76.92,15.7
PINN,10.0,50,26.8,10.33,17.9,3.99,37.29,50.94,1.25,74.57,16.14
CRLB,2.0,50,,,,,0.89,4.47,0.03,5.43,0.21
CRLB,5.0,50,,,,,1.41,7.13,0.06,8.61,0.37
CRLB,10.0,50,,,,,2.18,11.05,0.1,13.73,0.59
